"image","xmin","ymin","xmax","ymax","label"
"056qrzgqy3v4em5a.jpg",60.41666666666667,110,570.8333333333334,520.4166666666667,"Bulbasaur"
"00b53kxo0dtiika8.jpg",12.518725522193211,85.70436507936509,813.7171589425587,800.9854497354498,"Bulbasaur"
"0btrnywx20x7m3du.jpg",616.4810690423163,242.58160237388722,1542.093541202673,1127.4480712166173,"Bulbasaur"
"0biv4y7ij1oaf5yk.jpg",0.3620505136986301,0.6818783068783069,1190.9545162671234,1027.5906084656085,"Bulbasaur"
"0c8e69allhql2fcl.jpg",212.66815144766147,116.53524709302326,787.3853006681514,648.1282703488372,"Bulbasaur"
"19ofcgamre62obcu.jpg",9.260579064587974,7.821824596774193,1179.400890868597,886.0153729838709,"Bulbasaur"
"0dhm1zyvl4sd67r3.jpg",580.109131403118,827.6938976377953,2054.7973273942093,2259.0639763779527,"Bulbasaur"
"0dhm1zyvl4sd67r3.jpg",2039.1714922048998,103.22145669291339,2957.1893095768373,1136.2293307086613,"Oddish"
"11hjh3knr18rsfli.jpg",57.00668151447662,70.90828804347827,482.97327394209356,601.0822010869565,"Bulbasaur"
"11hjh3knr18rsfli.jpg",490.09910913140317,60.62133152173913,832.9309576837418,616.1169836956522,"Bulbasaur"
"11hjh3knr18rsfli.jpg",788.5924276169266,74.0735054347826,1274.7327394209356,621.6561141304348,"Bulbasaur"
"11hjh3knr18rsfli.jpg",165.47772828507794,552.8126358695652,581.15144766147,1058.4561141304348,"Bulbasaur"
"11hjh3knr18rsfli.jpg",585.1102449888642,518.7865489130435,971.4888641425391,1031.551766304348,"Bulbasaur"
"11hjh3knr18rsfli.jpg",916.0657015590201,517.2039402173913,1339.6570155902004,1045.0039402173911,"Bulbasaur"
"12uzq9s9t2qe7ghu.jpg",260.8465608465608,403.7037037037037,553.4391534391534,765.6084656084656,"Bulbasaur"
"13mhfmluav97k3fx.jpg",15.25702576112412,0.4312169312169312,735.7441451990633,649.4126984126984,"Bulbasaur"
"1t6vxrxly0i0n37s.jpg",103.74415405777167,266,714.1458046767538,831.1746031746031,"Bulbasaur"
"1nuptpufvflod35t.jpg",216.05345211581292,23.254451038575667,964.7706013363029,691.6045994065282,"Bulbasaur"
"1pm04qd900kgiu47.jpg",193.46126587127847,186.43386243386243,899.6162571147111,966.6190476190477,"Bulbasaur"
"1equperj561shdq8.jpg",1.6269720873786409,0.6309523809523809,519.1027002427185,476.05357142857144,"Bulbasaur"
"243wqm0ngq0g5x7s.jpg",0.9510022271714922,0.6383305800293685,853.9999999999999,646.9999999999999,"Bulbasaur"
"2ck95e6ygqmlbxxd.jpg",678.8418708240534,47.33910891089109,1529.6213808463253,820.8044554455446,"Bulbasaur"
"2aj9ka8enpijf1kw.jpg",65.56792873051225,126.76557863501485,502.87750556792867,644.652818991098,"Bulbasaur"
"2aj9ka8enpijf1kw.jpg",500.02672605790644,90.3026706231454,918.5211581291759,554.6350148367953,"Bulbasaur"
"284s0dlxgx3kio4p.jpg",4.638242464539007,2.4497354497354498,854.7850509751773,926.0000000000001,"Bulbasaur"
"2akqrwxdlj7ezpie.jpg",115.59611344537815,71,812.6213235294117,813.6825396825396,"Bulbasaur"
"253s5vv6kuyy4tq4.jpg",1.5835433467741937,1.7182539682539684,918.28515625,860.2724867724868,"Bulbasaur"
"398z8f0g6411zmad.jpg",5.389705882352941,5.1798941798941796,795.0367647058823,706.8201058201058,"Bulbasaur"
"2yxfh8dhx40bifdw.jpg",8.897692953020135,0.591931216931217,880.2426593959732,888.4887566137567,"Bulbasaur"
"2jj67ibx0er3rg4b.jpg",37.30512249443207,9.66202847633136,170.239420935412,127.30108173076921,"Bulbasaur"
"35sf3wkjqwc2ov3g.jpg",532.3830734966593,143.42079207920793,1382.2717149220493,927.2227722772277,"Bulbasaur"
"30pput2sy98n92zz.jpg",317.6892321016166,4.417989417989418,843.1580542725173,573.234126984127,"Bulbasaur"
"3geftpcribn6t2qu.jpg",133.73015873015873,165.07936507936506,448.4126984126984,450.39682539682536,"Bulbasaur"
"3quz1fc7099y99ht.jpg",4.615757575757576,6.8313492063492065,1021.1684848484848,939,"Bulbasaur"
"49j264rgxqy5i3wg.jpg",4.537552155771905,3.753968253968254,876.2169680111265,922.2248677248679,"Bulbasaur"
"3lasaqzeydeqrag0.jpg",485.34521158129184,533.0071174377224,884.0979955456571,906.6725978647687,"Bulbasaur"
"3lasaqzeydeqrag0.jpg",794.2984409799556,473.22064056939496,1128.9086859688198,901.3345195729537,"Charmander"
"3lasaqzeydeqrag0.jpg",1013.4521158129177,597.0640569395017,1457.1046770601338,884.2526690391458,"Squirtle"
"3lasaqzeydeqrag0.jpg",783.7552155771906,825.8333333333333,891.9054242002783,935.1666666666666,"Pokeball"
"3ay3kwzayysymztn.jpg",37.881186105947954,30.687830687830687,453.44810060408923,420.7301587301587,"Bulbasaur"
"4i4nsa02854wcnzi.jpg",37.200616928044276,33.702380952380956,216.65633648523985,165.11904761904762,"Bulbasaur"
"4fcub1rd5ukxofjx.jpg",13.483296213808464,117.29580479452055,485.96046770601333,646.925941780822,"Bulbasaur"
"4fcub1rd5ukxofjx.jpg",508.43262806236083,6.651969178082192,987.0896436525613,629.5149828767123,"Charmander"
"4jfrw3rpp5qjz64d.jpg",13.964285714285714,1.2936507936507937,734.8823185011709,651.5687830687831,"Bulbasaur"
"4pj2uwvmq7p04bei.jpg",186.3390868596882,41.30450252437326,839.9164810690423,762.4075665912256,"Bulbasaur"
"4dvdcf9mi2kdmwfc.jpg",45.37566137566137,72.46560846560845,989.4603174603174,949.5026455026455,"Ivysaur"
"4vpnj1e14qedz9cr.jpg",104.29629629629629,138.83597883597884,912.2539682539682,879.068783068783,"Bulbasaur"
"5d97r62scl6zuxaz.jpg",158.93095768374164,129.79228486646886,493.5412026726058,416.79525222551933,"Bulbasaur"
"5d97r62scl6zuxaz.jpg",395.902004454343,41.839762611275965,450.7795100222717,123.026706231454,"Pikachu"
"4vjwe7663g1jpi7i.jpg",64.38478331177232,41.51058201058201,843.8362710219923,855.3518518518518,"Bulbasaur"
"5ewv4rsrpnycm2y1.jpg",136.25079545454545,180.21164021164023,628.0871590909092,537.8624338624339,"Bulbasaur"
"56xdy0fbn4kt7swa.jpg",9.523809523809524,8.730158730158728,1190.4761904761906,1185.7142857142858,"Bulbasaur"
"5k854f1oowvcmsx7.jpg",434.7956570155902,460.8961538461539,675.3084632516704,690.0653846153847,"Bulbasaur"
"5k854f1oowvcmsx7.jpg",628.4933184855234,293.6961538461539,995.4070155902006,653.8192307692309,"Ivysaur"
"5k854f1oowvcmsx7.jpg",63.785634743875285,124.7423076923077,677.6492204899778,677.7884615384615,"Venusaur"
"5ga7jyexjmddo8bn.jpg",9.861013769788919,3.5436507936507935,885.969193189314,887.6845238095239,"Bulbasaur"
"5q9yon7ftwbwqo46.jpg",2.1494708994708995,9.755291005291006,250.00000000000003,241.56746031746033,"Bulbasaur"
"5hhzw05x5y0c84ir.jpg",30.670777279521676,16.75925925925926,787.6214499252616,886.4451058201057,"Bulbasaur"
"5mbx1sdp0inb05de.jpg",905.4788418708241,245.81850533807827,1831.269487750557,1125.5338078291813,"Bulbasaur"
"64588y9swmves86d.jpg",609.2939866369711,356.7756213976946,973.9643652561249,713.5335464697407,"Bulbasaur"
"65eh0a9c9zpb3x0k.jpg",156.0952380952381,526.8214285714286,488.9801587301588,843.1507936507936,"Bulbasaur"
"65eh0a9c9zpb3x0k.jpg",354.17063492063494,350.6230158730159,873.3055555555555,841.968253968254,"Ivysaur"
"65eh0a9c9zpb3x0k.jpg",27.78968253968254,160.82539682539684,717.8015873015873,823.0476190476192,"Venusaur"
"6dcy1pada83uq9c7.jpg",6.987341772151899,5.303571428571429,1020.9712313003453,888.0535714285714,"Bulbasaur"
"5y4hng1fycw9ixk9.jpg",473.8817610062893,186.81216931216932,947.8842767295597,903.7843915343916,"Bulbasaur"
"64viifxwaxo92k7g.JPG",6.211792958443272,0.9523809523809523,474.2032177605541,474.2857142857143,"Bulbasaur"
"6jmbo7vmmy53px58.jpg",4.990793201133145,4.282407407407407,860.4242209631728,924.9999999999999,"Bulbasaur"
"745p3x85h2cwqaha.jpg",97.22017220172202,98.46230158730158,1175.6949569495696,1086.236111111111,"Bulbasaur"
"75m8hkwloyem4y11.jpg",36.067460317460316,53.80555555555556,828.9603174603175,819.5,"Bulbasaur"
"6mu3760kccpyoilp.jpg",51.83930032733224,93.98148148148148,717.4563216039279,932.6851851851852,"Bulbasaur"
"6vfajegjjjteugfb.jpg",263.57733175914996,203.05555555555554,1174.0850059031877,1245.7222222222222,"Bulbasaur"
"7slmfwdvr8q82rkk.jpg",8.915319920844327,3.96031746031746,985.1686180738786,960.3769841269841,"Bulbasaur"
"7gya06q5epkum1ll.jpg",30.943763919821826,23.500486341059602,952.7422048997772,786.6349234271523,"Bulbasaur"
"7huw1tiq6jw2sqi7.jpg",8.043809523809523,88.6362433862434,816.3485714285714,938.1322751322753,"Bulbasaur"
"7skl0xsliolbbunh.jpg",63.474387527839646,1.7842237061769617,1159.9109131403118,799.1131051752922,"Bulbasaur"
"7hxjivun2xycwh46.jpg",7.937639198218263,10.466985887096774,1179.400890868597,887.3379536290323,"Bulbasaur"
"7tkwlw1e671bsado.jpg",26.455026455026456,579.3650793650794,768.5185185185185,1339.94708994709,"Bulbasaur"
"7tkwlw1e671bsado.jpg",519.8412698412699,272.4867724867725,1968.2539682539684,1575.3968253968253,"Bulbasaur"
"7tkwlw1e671bsado.jpg",242.06349206349208,1646.8253968253969,444.44444444444446,1850.5291005291006,"Pokeball"
"7uxr22rygk8y3o4g.jpg",5.811547974246231,0.6514550264550265,1036.2977288787688,985,"Bulbasaur"
"7vguaqtxxmgjvlkf.jpg",25.08685968819599,55.622493084370674,916.2405345211581,667.6390905947442,"Bulbasaur"
"7x3ubryak17grrt8.jpg",295.38718702579666,744.8333333333333,1120.5009958270107,1372.3611111111109,"Bulbasaur"
"7vsdsqrxcpf8s1vs.jpg",19.487750556792875,17.279984423676012,7000,5000,"Bulbasaur"
"83yk95ndg6zgc5vw.jpg",58.92857142857143,82.20899470899471,986.5079365079366,1000.3306878306879,"Bulbasaur"
"8g95gow1ko7eq94k.jpg",48.611111111111114,58.86243386243386,450.3968253968254,434.5238095238096,"Bulbasaur"
"7xjsu7i9ldomy5db.jpg",27.93763919821826,2.56379821958457,1018.2984409799553,743.786350148368,"Bulbasaur"
"86apsc9264lt4q1t.jpg",4.026185726950355,6.124338624338624,854.7850509751773,922.9378306878307,"Bulbasaur"
"81h4yvuqfl0c1zsv.jpg",14.048192771084338,20.041666666666668,962.4819277108435,2283.2083333333335,"Bulbasaur"
"8sblpsf7ocv540u3.jpg",24.070155902004455,43.200910931174086,268.054008908686,316.11589068825907,"Bulbasaur"
"8sblpsf7ocv540u3.jpg",245.80734966592428,142.6745951417004,309.9944320712695,213.52226720647772,"Bulbasaur"
"8sblpsf7ocv540u3.jpg",314.00612472160356,186.76366396761134,328.59409799554567,201.33856275303643,"Pokeball"
"8sblpsf7ocv540u3.jpg",349.0172605790646,37.00657894736842,629.1063474387529,329.2332995951417,"Bulbasaur"
"8soapc2hzt8oyd9o.jpg",93.25396825396825,175.5952380952381,1397.8174603174602,1294.642857142857,"Bulbasaur"
"8lypik3fw8gj16ug.jpg",5.913140311804009,1.6413204747774481,775.935412026726,876.7933976261128,"Bulbasaur"
"8v09yagvrr4ibkyv.jpg",120.95524640992167,108.92857142857143,1057.636708550914,1053.7830687830688,"Bulbasaur"
"8xuoz8hl8m2wb6es.jpg",1408.2850779510022,317.79359430604984,2474.4766146993315,1600,"Bulbasaur"
"94yu8dkbizpazsac.jpg",85.36240090600226,60.68055555555555,873.7542468856171,711.3392857142857,"Bulbasaur"
"9iar30nkkcjh6x0k.jpg",494.7616647465438,146.92857142857142,4979.208669354838,4093.8333333333335,"Bulbasaur"
"94qzaqs8x097pe03.jpg",366.3251670378619,11.495049504950494,997.0601336302896,709.3960396039604,"Bulbasaur"
"9dal7ftbrf4bavd9.jpg",540.9354120267261,84.60891089108911,1389.7550111358576,843.8168316831683,"Bulbasaur"
"9u348b1gcfy71y6u.jpg",266.5478841870824,33.09608540925267,936.4810690423162,875.8007117437722,"Bulbasaur"
"9u348b1gcfy71y6u.jpg",937.9064587973274,7.473309608540926,1557.9510022271716,904.270462633452,"Bulbasaur"
"9u348b1gcfy71y6u.jpg",1422.5389755011136,18.86120996441281,2206.503340757238,895.7295373665481,"Bulbasaur"
"9u348b1gcfy71y6u.jpg",1607.8396436525613,723.4875444839859,2297.728285077951,1600,"Bulbasaur"
"9u348b1gcfy71y6u.jpg",1084.7216035634744,739.1459074733096,1674.8329621380847,1559.0747330960855,"Bulbasaur"
"9u348b1gcfy71y6u.jpg",421.9153674832962,796.0854092526691,1091.8485523385302,1588.967971530249,"Bulbasaur"
"a49vco95uqd2rm61.jpg",28.55533256880734,84.74074074074075,396.70946100917433,551.9497354497355,"Bulbasaur"
"ao73hpcl42fbe701.jpg",435.1322751322751,62.645502645502646,1159.7883597883597,812.6984126984127,"Ivysaur"
"ao73hpcl42fbe701.jpg",121.9047619047619,788.1481481481482,657.7777777777777,1253.7566137566137,"Magikarp"
"axlb69hdqxolsckt.jpg",653.1848552338531,135.93564356435644,1355.5456570155902,847.0247524752476,"Bulbasaur"
"ax94sirn57j7ib4z.jpg",178.88641425389756,29.37685459940653,617.9064587973273,459.16913946587545,"Bulbasaur"
"b4lu0d46aunbuz7d.jpg",211.16012532981532,7.126984126984127,659.972790237467,896.8121693121693,"Bulbasaur"
"buqhpc62x54r98ix.jpg",257.0772647247119,24.194444444444443,877.0516565300895,801.8730158730159,"Bulbasaur"
"b65iyx568ey0ry3u.jpg",3.4904632152588553,7.618395908273382,854,644.1453743255396,"Bulbasaur"
"bkv68g8kze4l3kq4.jpg",110.78728606356968,110.89588713842974,909.4572127139364,773.8648954028926,"Bulbasaur"
"bjwnjtqrqba7qq0g.jpg",177.94254278728607,14.265595463137997,963.6723716381418,731.203213610586,"Bulbasaur"
"bm78rb5hg2j0163a.jpg",84.05952380952381,36.54761904761905,556.3359788359788,583.9497354497355,"Bulbasaur"
"cczld9jtmrlkgag7.jpg",0,2.863756613756614,911.4141885080646,864.2817460317461,"Bulbasaur"
"c3ui8po1uplyv7z3.jpg",220.89681440443215,501.5806878306878,481.2846260387812,804.1917989417989,"Bulbasaur"
"c3ui8po1uplyv7z3.jpg",419.7887811634349,308.70767195767195,768.2652354570637,742.1177248677247,"Ivysaur"
"c3ui8po1uplyv7z3.jpg",32.53116343490305,26.6031746031746,537.79432132964,579.7275132275132,"Venusaur"
"cv9fpu9m578upkpv.jpg",23.158924205378973,10.319218241042345,470.0635696821516,452.4820846905537,"Bulbasaur"
"cv9fpu9m578upkpv.jpg",540.1662591687042,85.99348534201954,620.2836185819071,172.92508143322476,"Pokeball"
"cv9fpu9m578upkpv.jpg",513.8777506112469,60.35179153094462,802.4254278728606,340.53420195439736,"Bulbasaur"
"cv9fpu9m578upkpv.jpg",839.3545232273839,132.89902280130292,1020.8704156479218,347.4136807817589,"Bulbasaur"
"cv9fpu9m578upkpv.jpg",0,471.86970684039085,175.25672371638143,741.4201954397394,"Bulbasaur"
"cv9fpu9m578upkpv.jpg",201.54523227383862,491.88273615635177,466.9339853300733,757.6807817589577,"Bulbasaur"
"cv9fpu9m578upkpv.jpg",521.3887530562347,376.1824104234527,996.4596577017114,750.801302931596,"Bulbasaur"
"caaxx2hinr4p06gk.jpg",18.151589242053788,0.9381107491856677,1011.481662591687,736.4169381107491,"Bulbasaur"
"cms8i66k4sen2r8x.jpg",500.0293398533007,171.78410259046052,880.4303178484107,668.978181537829,"Bulbasaur"
"dnicmi58t6h1ar17.jpg",364.59657701711495,13.402173913043478,1016.3325183374084,710.7065217391305,"Bulbasaur"
"d32fgcy1jj1v9s1z.jpg",400.5867970660147,29.836956521739133,862.9828850855747,590.9673913043479,"Bulbasaur"
"dbu3dbl1523b14w4.jpg",21.36742140718563,50.545634920634924,888.3584393712575,1007.5429894179895,"Bulbasaur"
"czs76nvhciejjjal.jpg",10.963855421686748,13.875,988.698795180723,2294,"Bulbasaur"
"d70rc5ak3dwdmor4.jpg",112.96296296296296,47.22222222222222,589.3518518518518,510.64814814814815,"Bulbasaur"
"dw9cb69bybeezkn5.jpg",2.3422982885085575,3.001580056179775,954.4865525672371,829.9734901685393,"Bulbasaur"
"ec5pfszloquspzl0.jpg",7.823960880195599,130.60095198675498,1598.044009779951,1349.522806291391,"Bulbasaur"
"dwwfpbgldq418izz.jpg",119.57671957671957,125.39682539682539,751.3227513227513,699.4708994708994,"Bulbasaur"
"ecu8fdb0msc0wt5e.jpg",2.9290953545232274,4.050704887218045,573.7365525672373,481.89656954887215,"Bulbasaur"
"efqbfju1suenlszl.jpg",65.87301587301587,90.47619047619047,831.7460317460317,1112.6984126984125,"Bulbasaur"
"eiq92zqq9vwikfu2.jpg",36.19047619047619,144.12698412698413,633.6507936507936,921.2698412698412,"Bulbasaur"
"esy87oeausnqtc0z.jpg",40.32052696078431,68.35978835978835,718.9107230392157,1027.5555555555557,"Bulbasaur"
"ej24k6jjmn5f2m1s.jpg",150.84596577017115,117.88925081433224,924.4792176039119,661.9934853420195,"Bulbasaur"
"f05q1q44iloe48tz.jpg",183.14914425427872,225.71203079446065,874.5819070904645,795.6887071793003,"Bulbasaur"
"f21vegqfolmudb0w.jpg",90.1320293398533,30.13880076142132,931.9902200488997,733.2014065143824,"Bulbasaur"
"f8m0nisbam1yjz4u.jpg",3.416870415647922,3.867124664879357,427.10880195599026,387.19688337801614,"Bulbasaur"
"fzjzqn3c0kx1a7mg.jpg",136.61124694376528,0,611.4132029339853,354.45138888888886,"Bulbasaur"
"fdw8tucjgewuzu4f.jpg",323.015873015873,304.1005291005291,828.6375661375662,797.3544973544974,"Bulbasaur"
"f58hgqo7fmjhim4z.jpg",2.3895885481852317,27.16798941798942,2270.667435857322,2144.84126984127,"Bulbasaur"
"fl10xm1q25czmpws.jpg",178.239608801956,136.51994497936727,732.2127139364304,520.0137551581843,"Bulbasaur"
"gudf28gr6swkjgbr.jpg",32.70450653798257,38.698412698412696,844.7219411581569,824.4444444444443,"Bulbasaur"
"gi0g4l7dliiqhjke.jpg",0,14.391534391534387,635.7671957671956,622.2222222222222,"Bulbasaur"
"gwnl3qo5wmnepj9g.jpg",338.38630806845964,27.51358695652174,1243.0317848410757,833.6005434782609,"Bulbasaur"
"h00iuvl46kbacwlr.jpg",40.69926650366748,24.686142212566846,1131.158924205379,1031.8719710895723,"Bulbasaur"
"g9mhhu2zrb92ldv0.jpg",35.16259168704156,80.25090339983713,1127.3557457212714,865.8331509568404,"Bulbasaur"
"hi6or48dyrp7sns3.jpg",3.6674816625916873,248.9693019701087,627.7506112469439,881.1703889266305,"Bulbasaur"
"hpsgtyb6oz7sfofy.jpg",24.034810656836463,6.25,1332,1259.8214285714287,"Bulbasaur"
"hpsgtyb6oz7sfofy.jpg",963.2197972520107,1125,1174.8042476541555,1345.5357142857142,"Pokeball"
"hocrrh7rkqdxferh.jpg",176.47799511002447,12.070888468809073,962.940097799511,737.0557655954631,"Bulbasaur"
"hs2d64d0scx8umd8.jpg",242.9706601466993,6.514807412790697,498.47188264058684,281.8345748546511,"Bulbasaur"
"h37jdw1mcq54ccka.jpg",801.682151589242,102.07826086956521,1848.9388753056235,1284.286956521739,"Bulbasaur"
"iae3hgz9plr0qcau.jpg",246.52917232021713,305.2579365079365,583.2909387720489,616.5013227513227,"Bulbasaur"
"i2w0neif7fd9uw9k.jpg",11.677819083023545,29.206349206349206,998.2453531598513,933.9682539682539,"Bulbasaur"
"hx6hbjo18efwrweu.jpg",142.3960880195599,4.010869565217392,956.0880195599022,706.7934782608696,"Bulbasaur"
"i3zw2as7r8prrqk9.jpg",118.53488087467363,110.54232804232804,1063.2842281331593,1065.8862433862435,"Bulbasaur"
"hssqn808pfodwj7l.jpg",23.561507936507933,39.58333333333333,451.75264550264546,432.58928571428567,"Bulbasaur"
"iktedhwpptrx67gs.jpg",86.34920634920634,136.29629629629628,163.04761904761904,224.67724867724866,"Bulbasaur"
"iegv3gc6twy7v74p.jpg",145.07275132275132,215.8399470899471,394.5271164021164,521.2003968253969,"Bulbasaur"
"iik7sv8jj8764ca8.jpg",265.3887530562347,21.576547231270357,893.1833740831296,716.4039087947882,"Bulbasaur"
"if1dc6f78v4otbqi.jpg",26.288508557457213,289.25081433224756,382.43520782396087,672,"Bulbasaur"
"igoxhef1kaelw15y.jpg",54.476190476190474,47.666666666666664,816.5753968253968,813.7380952380952,"Bulbasaur"
"j992zq0q47pjy53i.jpg",136.05291005291005,195.37830687830692,1083.6772486772486,1004.5767195767198,"Bulbasaur"
"jc43tf69s9srk67k.jpg",0.09030300528401586,4.9523809523809526,625,619.8730158730159,"Bulbasaur"
"jd00qiboa7zgd6un.jpg",16.124083129584353,9.182443443251534,946.5433985330075,765.1072900690184,"Bulbasaur"
"ilxn1oggsvw6h50f.jpg",9.02200488997555,18.61567659198113,984,762.5661482900942,"Bulbasaur"
"j16ssuddw8ubpcap.jpg",563.3251833740832,13.059782608695654,1569.0953545232273,1054.3206521739132,"Bulbasaur"
"jvyyas75k669xlth.JPG",4.625381348944591,1.2698412698412698,478.32788794525067,474.6031746031746,"Bulbasaur"
"jhzdg5d7ijqpxb71.jpg",28.056234718826406,48.19896260245901,871.9437652811737,750.9243724385245,"Bulbasaur"
"jxks7hlkw2q4xy4c.jpg",28.759920634920633,4.867063492063492,638.9126984126983,665.9027777777777,"Bulbasaur"
"jnjf6uyk8tuu0i51.jpg",2.2004889975550124,5.964062500000001,900,816.1140625,"Bulbasaur"
"ji8vwv13bk8vpqly.jpg",234.7883597883598,239.74867724867727,2314.814814814815,2261.904761904762,"Squirtle"
"khl5elvl1sls87g3.jpg",122.98412698412699,173.83333333333334,775.1547619047619,761.5555555555557,"Bulbasaur"
"k9l1trh5ta4ttc0g.jpg",201.54523227383862,105.83452950558214,808.0586797066014,654.7595693779905,"Bulbasaur"
"kk3p3bofmgoyiwtp.jpg",157.3349633251834,82.30516679447852,678.3007334963326,637.6502588190184,"Bulbasaur"
"ke4fflxi1bq947pp.jpg",45.53571428571429,21.924603174603178,379.18320105820106,396.6104497354498,"Bulbasaur"
"kgymcunhfgwjuw9h.jpg",1.698251146788991,1.2116402116402116,462.00000000000006,457.0912698412698,"Bulbasaur"
"kxb57kmg96zuewfr.jpg",0.8557457212713936,133.4963325183374,673.4718826405868,699.1442542787286,"Bulbasaur"
"kr7vc2wozeje0dzo.jpg",23.88753056234719,22.904836081288344,939.9743276283618,769.2836704371165,"Bulbasaur"
"kwq0o0x92o3sxofp.jpg",0,4.560185185185185,1037,985.0000000000001,"Bulbasaur"
"kyc8woq03p96pvj7.jpg",0,157.41890967153284,634.841075794621,753,"Bulbasaur"
"kno3c37lhjmeenbf.jpg",3.2858136300417247,10.010582010582011,882.6321279554937,927.2301587301588,"Bulbasaur"
"l9yu6wpbg82fto1q.jpg",904.8410757946211,235.83984375,1842.5427872860637,1166.30859375,"Bulbasaur"
"lb3m5q0miq8saot2.jpg",1.595481530343008,5.93915343915344,887.3474604221636,885.5277777777778,"Bulbasaur"
"l1svoln1g8a8wkor.jpg",65.47310513447432,0,819.0819070904645,749.9319743684993,"Bulbasaur"
"leij9otrkrlc0158.jpg",87.96296296296296,11.904761904761905,397.15608465608466,387.5661375661376,"Bulbasaur"
"l4n501m873zpprb8.jpg",617.3105134474328,272.4945652173913,1293.3007334963327,886.4510869565217,"Bulbasaur"
"l4n501m873zpprb8.jpg",91.54034229828852,128.10326086956522,740.5378973105135,866.4945652173914,"Charmander"
"l4n501m873zpprb8.jpg",1124.3031784841075,229.05978260869568,1829.6332518337408,975.6684782608697,"Squirtle"
"lko626oml1cjuq5n.jpg",66.66666666666666,291.4285714285714,730.7936507936507,933.3333333333333,"Bulbasaur"
"lko626oml1cjuq5n.jpg",502.85714285714283,47.61904761904761,811.4285714285713,350.4761904761904,"Pokeball"
"lhuh4zh4rx7lhe0j.jpg",66.66666666666667,100,836.3095238095237,800,"Bulbasaur"
"llq6fe7413heckrl.jpg",173.83863080684597,105.69015580736544,775.1222493887531,666.8063031161473,"Bulbasaur"
"lqitbxr9dyyzfacn.jpg",726.0635696821516,302.9673913043478,905.2322738386308,486.8804347826087,"Bulbasaur"
"lqitbxr9dyyzfacn.jpg",501.5158924205379,54.09782608695652,700.2444987775061,252.88043478260872,"Squirtle"
"lqitbxr9dyyzfacn.jpg",285.5745721271394,58.79347826086957,478.0440097799511,256.79347826086956,"Pikachu"
"lqitbxr9dyyzfacn.jpg",0,375.75,114.22982885085575,572.9673913043479,"Pikachu"
"lqitbxr9dyyzfacn.jpg",309.8288508557457,302.9673913043478,484.30317848410755,499.4021739130435,"Charmander"
"lr0zrnwknja2b49r.jpg",33.88351920693928,33.65079365079365,1007.1276332094176,925.079365079365,"Bulbasaur"
"m4lrjv07an50iizu.jpg",0.5808550185873605,2.0443121693121693,300,280.8141534391534,"Bulbasaur"
"m118jo3hyjk9epjm.jpg",74.19906496062991,30.486772486772484,795.6163877952755,1015.9894179894179,"Bulbasaur"
"m4omcfluxdrvqdnu.jpg",434.41500622665006,7.333333333333333,596.1883561643835,95.33333333333333,"Bulbasaur"
"m4omcfluxdrvqdnu.jpg",222.23069738480697,10.541666666666666,496.74128268991285,254.83333333333331,"Bulbasaur"
"m4omcfluxdrvqdnu.jpg",9.129825653798257,4.583333333333333,222.68897882938978,293.3333333333333,"Bulbasaur"
"m4omcfluxdrvqdnu.jpg",12.337795765877958,285.0833333333333,211.23194271481944,500.04166666666663,"Bulbasaur"
"m4omcfluxdrvqdnu.jpg",214.43991282689913,247.04166666666666,340.0090286425903,377.66666666666663,"Bulbasaur"
"m4omcfluxdrvqdnu.jpg",410.1260896637609,249.33333333333331,520.1136363636364,338.25,"Bulbasaur"
"m4omcfluxdrvqdnu.jpg",487.57565379825655,78.83333333333331,698.4209215442092,264.45833333333326,"Bulbasaur"
"m4omcfluxdrvqdnu.jpg",509.11488169364884,271.79166666666663,689.6777708592778,459.70833333333326,"Bulbasaur"
"m4omcfluxdrvqdnu.jpg",703.884495641345,140.25,736,201.66666666666666,"Bulbasaur"
"m4omcfluxdrvqdnu.jpg",687.8446450809464,227.33333333333331,735.0476338729763,327.7083333333333,"Bulbasaur"
"m4omcfluxdrvqdnu.jpg",637.8919676214197,419.375,734.5893524283936,541.75,"Bulbasaur"
"m4omcfluxdrvqdnu.jpg",389.50342465753425,492.7083333333333,575.5656911581569,651.75,"Bulbasaur"
"m4omcfluxdrvqdnu.jpg",198.85834371108345,544.9583333333333,429.3739103362391,692.9999999999999,"Bulbasaur"
"m4omcfluxdrvqdnu.jpg",23.794831880448317,519.2916666666666,189.23443337484434,685.6666666666666,"Bulbasaur"
"m4omcfluxdrvqdnu.jpg",235.97914072229142,301.125,485.2842465753425,503.25,"Bulbasaur"
"m4omcfluxdrvqdnu.jpg",531.5706724782067,517.9166666666666,736,691.625,"Bulbasaur"
"lzpo38mbv349eq3o.jpg",55.74572127139364,44.14402173913044,915.4034229828851,829.6875,"Bulbasaur"
"lxqgau3rmmtd0smg.jpg",5.93018546388102,5.240740740740741,1057.0000000000002,1130.5026455026455,"Bulbasaur"
"mdzsix5n665n4ggz.jpg",68.06845965770171,15.977198697068404,422.200488997555,343.14332247557,"Bulbasaur"
"mdzsix5n665n4ggz.jpg",0.293398533007335,14.511400651465799,145.23227383863082,188.06188925081435,"Oddish"
"m5zirwzvqeiru574.jpg",115.19559902200488,71.79750810372771,593.8973105134475,455.00172204213936,"Bulbasaur"
"mamldpha9oa3fq3p.jpg",974.690097799511,1063.7780445159858,1109.393031784841,1207.3863926509769,"Bulbasaur"
"mamldpha9oa3fq3p.jpg",1125.9132029339853,976.0879912300176,1428.3594132029339,1204.8446519760212,"Ivysaur"
"mamldpha9oa3fq3p.jpg",1009.0012224938876,463.92724522646535,1875.674816625917,1137.4885240896979,"Venusaur"
"mamldpha9oa3fq3p.jpg",190.61735941320293,137.3135684946714,1425.817848410758,1202.3029113010657,"Venusaur"
"mclrl0vdes7k9or6.jpg",140.7776041666667,89.0873015873016,710.9709375000001,744.7698412698413,"Bulbasaur"
"mqxjpzis1kb3v3xd.jpg",386.7970660146699,0,1277.6283618581906,697.4327628361858,"Bulbasaur"
"muis604pzh8262p8.jpg",225.60810810810813,731.8571428571429,890.6891891891893,1242.2539682539682,"Ivysaur"
"n3wi8oezfd8quizl.jpg",25.058201058201057,132.06349206349205,766.6455026455026,940.6984126984127,"Bulbasaur"
"ndrvlk8z1n38lsgi.jpg",26.41269841269841,311.87301587301585,1024,1246.4761904761904,"Bulbasaur"
"nhu875w7e4xc1rpd.jpg",15.158924205378973,15.583824549237171,793.643031784841,686.8494278779473,"Bulbasaur"
"nh135wjtk17ko7u3.jpg",211.64021164021165,393.51851851851853,2366.0714285714284,2170.9656084656085,"Bulbasaur"
"nqk5cab555be0jl0.jpg",2.6100244498777507,5.600919858870967,852.955990220049,646.3396295362902,"Bulbasaur"
"nth2j46nci4t8mon.jpg",155.2273838630807,119.1400651465798,918.2200488997555,663.244299674267,"Bulbasaur"
"nkxa7l6fx93k37t6.jpg",8.136919315403423,6.95446875,1022.1222493887531,939,"Bulbasaur"
"nvvmb0x02o8i7e8s.jpg",3.968253968253968,34.12698412698413,1173.015873015873,1182.5396825396824,"Bulbasaur"
"nofz62zu82n1sdiy.jpg",1337.6322751322753,330.6878306878307,2294.9735449735454,1122.6851851851852,"Bulbasaur"
"nofz62zu82n1sdiy.jpg",297.61904761904765,286.0449735449736,1250,1183.862433862434,"Pikachu"
"nofz62zu82n1sdiy.jpg",292.6587301587302,1271.494708994709,1168.9814814814815,2215.608465608466,"Charmander"
"nofz62zu82n1sdiy.jpg",1364.0873015873017,1307.8703703703704,2248.677248677249,2208.994708994709,"Squirtle"
"o5u9mzk0op02dul2.jpg",241.76039119804403,4.010869565217392,1056.234718826406,693.4891304347826,"Bulbasaur"
"oxzrxw0us4a4ojft.jpg",362.83618581907086,0,1269.9266503667482,696.5770171149144,"Bulbasaur"
"o2728mf8qgstqm89.jpg",19.793660348360657,479.9464285714286,2068.665791495902,2096.970238095238,"Bulbasaur"
"o2728mf8qgstqm89.jpg",444.35021772540983,2375.6488095238096,621.3920210040983,2561.434523809524,"Pokeball"
"oltvs6odoq2h048z.jpg",169.69444444444446,226.45634920634922,818.3174603174604,820.6825396825398,"Bulbasaur"
"o3cl6tkgnc8einlw.jpg",314.91442542787286,81.36720224056603,1289.9755501222494,940.3162588443396,"Bulbasaur"
"plvscus7tw6unre0.jpg",31.52910052910053,12.955026455026454,213.52380952380952,226.010582010582,"Bulbasaur"
"p3cn8dsrknf96fu2.jpg",86.7063492063492,81.74603174603175,200.59523809523807,216.66666666666666,"Bulbasaur"
"pmon8i250lblzvev.jpg",155.02450980392157,14.375661375661377,909.9264705882352,876.915343915344,"Bulbasaur"
"pfo1c3cqzoo2ogar.jpg",175.4278728606357,74.9598787446505,549.8166259168704,563.6902639087018,"Bulbasaur"
"oznr5evodvtjilhw.jpg",177.0843520782396,32.528096330275226,868.934596577017,770.4424694189603,"Bulbasaur"
"pqcp9aiddleuuz6z.jpg",112.54761904761905,39.01190476190476,494.7261904761905,489.54761904761904,"Bulbasaur"
"pri0uwec0ymymjbw.jpg",639.242053789731,97.55501222493886,1277.6283618581906,700,"Bulbasaur"
"pu58llyxvuwwjdsj.jpg",5.751154353562006,5.345238095238096,898.0334762532982,892.6547619047619,"Bulbasaur"
"psnljjvpcebazmc6.jpg",0.6901004780453258,11.230158730158731,1049.4556812145893,1130.5026455026457,"Bulbasaur"
"pvxee59tvpw3maff.jpg",18.288508557457213,125.85818365102641,820.6968215158925,730.4622892228739,"Bulbasaur"
"qmh5lujxo70u9ne7.jpg",37.56613756613756,85.18518518518518,766.6666666666666,726.984126984127,"Bulbasaur"
"q0s56seyt2x4rlnd.jpg",349.14425427872857,0,978.9731051344743,685.4523227383862,"Bulbasaur"
"qinyjoetxavk3d5x.jpg",9.266503667481663,5.9641544117647065,733.9070904645477,617.8979779411766,"Bulbasaur"
"qht57oybft3ses85.jpg",38.97014212101064,5.925925925925926,875.4674825465426,891.8518518518518,"Bulbasaur"
"pztwnejkvbbjrji5.jpg",56.33251833740832,62.92605633802817,1214.2787286063572,794.588028169014,"Bulbasaur"
"qtnpghnpzuims9fe.jpg",4.0544274044389645,5.615079365079366,909.4379045930949,844.5079365079365,"Bulbasaur"
"qprid9vftiltn29h.jpg",27.62303664921466,0,1020.7958115183246,1002.2804232804233,"Bulbasaur"
"qx8fwe60im7pgj39.jpg",6.107299354243542,11.108465608465607,937.4111123923739,883.4153439153439,"Ivysaur"
"qnh44039p8gt14tk.jpg",12.867724867724867,131.3862433862434,751.068783068783,928.5079365079364,"Bulbasaur"
"qyuvr1oxogqx31gj.jpg",131.69081930051814,281.74603174603175,633.7633581606218,776.4550264550264,"Bulbasaur"
"qzpkucvkl59dlmmy.jpg",126.74816625916871,0,1012.0048899755501,601.7456616052061,"Bulbasaur"
"r3w4psrpkqvmys6y.jpg",350.8997555012225,187.0661812223043,983,807.3239360228952,"Bulbasaur"
"r1hvziclj9ampw39.jpg",3.9573198383905015,0.5906084656084656,882.4269768304749,893,"Bulbasaur"
"rewiybxl75x3tw1j.jpg",230.96332518337408,27.83061889250814,823.7066014669927,728.28664495114,"Bulbasaur"
"rec4oo489rt3v5t0.jpg",20.103174603174605,3.5476190476190474,851.4285714285714,886.9047619047619,"Bulbasaur"
"rpcfjotpb0d7hsei.jpg",5.138058624670185,8.859126984126984,883.0173462236148,889.4563492063492,"Bulbasaur"
"rjwfk0av5efcvpzh.jpg",23.746693121693124,29.00793650793651,192.53306878306879,186.70304232804233,"Bulbasaur"
"svpm7216onz50g1v.jpg",222.0440097799511,19.854234527687296,984.0586797066015,696.7890879478826,"Bulbasaur"
"svpm7216onz50g1v.jpg",104.08312958435208,45.69625407166124,184.82640586797066,115.02850162866449,"Pikachu"
"svpm7216onz50g1v.jpg",62.44987775061125,133.9372964169381,85.15892420537898,158.5187296416938,"Pokeball"
"sgqcy3qrg6gjwdbm.jpg",34.53545232273839,17.833969465648856,423.2885085574572,379.66603053435114,"Bulbasaur"
"swedcwxikz6q7rrv.jpg",119.19626168224298,426.1640211640211,553.4392523364486,809.2328042328041,"Bulbasaur"
"swedcwxikz6q7rrv.jpg",702.9719626168223,126.89153439153438,1266.411214953271,873.8756613756613,"Ivysaur"
"swedcwxikz6q7rrv.jpg",47.42056074766355,861.9047619047618,1198.2242990654204,1765.7076719576717,"Venusaur"
"tq9la3hm1zv53s3k.jpg",11.632121949208443,10.040343915343914,886.5595625824539,886.5033068783068,"Bulbasaur"
"t209334qyeyvz37g.jpg",0,0,1024.6399755501222,879.3450732899023,"Bulbasaur"
"sywv0d9yao7c3v2f.jpg",650.1711491442543,148.05978260869566,1384.8410757946212,865.3206521739131,"Bulbasaur"
"sy9xoq9bej1bwsov.jpg",11.474327628361857,21.730474588938716,444.47921760391193,426.3343609865471,"Ivysaur"
"sy9xoq9bej1bwsov.jpg",11.474327628361857,21.730474588938716,444.47921760391193,426.3343609865471,"Venusaur"
"sy9xoq9bej1bwsov.jpg",11.474327628361857,21.730474588938716,444.47921760391193,426.3343609865471,"Bulbasaur"
"t1v0ao4bwhu92ylu.jpg",190.14550264550266,372.0238095238095,2357.804232804233,2232.1428571428573,"Bulbasaur"
"txyoodqmrse2h43u.jpg",33.88139329805996,66.82738095238098,681.4814814814814,897.952380952381,"Bulbasaur"
"twnw3q6w926brvg5.jpg",77.77777777777777,114.07407407407406,202.22222222222223,274.0740740740741,"Bulbasaur"
"u9e5j2f8t7sy3rl9.jpg",75.38624338624338,25.86243386243386,383.53439153439155,390.6878306878307,"Bulbasaur"
"uf3wrlqw7i34i3os.jpg",145.4767726161369,0,1192.9095354523226,700,"Bulbasaur"
"u55hh6v9fx9dfznb.jpg",165.24205378973105,83.21031788793103,733.5745721271393,627.0844558189656,"Bulbasaur"
"ujq77kuxut2lq6iz.jpg",800.3911980440098,161.71875,1732.2249388753057,1017.1875,"Bulbasaur"
"uo2kdqpko9jzm3p8.jpg",264.1369193154034,194.13351117886177,716.0488997555012,703.0847306910568,"Bulbasaur"
"urziyj2wu7ekkugl.jpg",677.1638141809292,821.8858695652175,789.8288508557458,945.1467391304349,"Pokeball"
"urziyj2wu7ekkugl.jpg",1114.9144254278729,0,1848.4107579462102,830.1032608695652,"Bulbasaur"
"urg21pzrmyn5rpe2.jpg",0,295.33396946564886,425.42787286063566,1121.5935114503816,"Bulbasaur"
"urg21pzrmyn5rpe2.jpg",548.2885085574571,193.6545801526717,977.3838630806845,1045.5629770992364,"Charmander"
"urg21pzrmyn5rpe2.jpg",1112.163814180929,147.8530534351145,1499.9999999999998,1156.4026717557251,"Squirtle"
"uq5vjq482ov9swvh.jpg",205.74572127139365,186.45183541266795,792.7261613691933,639.9067298464491,"Bulbasaur"
"venm0sy96uigqzlc.jpg",66.07142857142857,50,142.85714285714286,120.68452380952381,"Bulbasaur"
"venm0sy96uigqzlc.jpg",112.94642857142857,25,131.69642857142856,43.30357142857143,"Pokeball"
"vckznmfqwd6t2gxx.jpg",14.16460472733711,5.240740740740741,1057,1127.5079365079364,"Bulbasaur"
"v0mn8eomyzi3ai7o.jpg",10.500494722955146,10.690476190476192,889.1284630606862,892.0608465608466,"Bulbasaur"
"v3qlo9e79jzmt7a4.jpg",11.632121949208443,14.174603174603174,880.6558686510555,884.7314814814814,"Bulbasaur"
"vqai8u986dghh6zw.jpg",0,110.31203566121842,1273.3432392273403,1280,"Bulbasaur"
"w6blanucfbe2sy2a.jpg",18.068350668647845,11.932717678100264,1275.2451708766714,698.6873350923482,"Bulbasaur"
"vroqmt0j8qnq407n.jpg",78.10178306092125,28.11664190193165,786.6411589895988,785.391530460624,"Bulbasaur"
"vzl6fju7vut08o6j.jpg",225.11144130757802,291.97622585438336,765.2303120356613,717.6820208023775,"Bulbasaur"
"vz2wb6bsq1mvqfbl.jpg",542.0505200594354,23.598284960422166,1420.74294205052,857.1075197889182,"Bulbasaur"
"vz2wb6bsq1mvqfbl.jpg",1697.473997028232,871.3555408970977,1874.3536404160477,1040.9069920844329,"Pokeball"
"vrvrprmciwawhwhv.jpg",22.059435364041605,15.379218995290422,2267.031203566122,2162,"Bulbasaur"
"w94i9uk4uv3aw9u4.jpg",15.757068452380953,108.7189265536723,198.4262413847118,288.65819209039546,"Bulbasaur"
"ww8gu0cx7iwfdvzs.jpg",168.7720252902156,81.66596045197741,301.0274150082919,248.72881355932205,"Bulbasaur"
"ww8gu0cx7iwfdvzs.jpg",258.32426409618574,176.18290960451978,386.01912313432837,342.83121468926555,"Bulbasaur"
"ww8gu0cx7iwfdvzs.jpg",112.80187603648424,182.8156779661017,261.22641998341624,347.3912429378531,"Bulbasaur"
"ww8gu0cx7iwfdvzs.jpg",55.17335199004975,293.91454802259886,190.74549129353235,446.4682203389831,"Bulbasaur"
"ww8gu0cx7iwfdvzs.jpg",179.13686774461027,314.22740112994353,320.9279125207297,423.66807909604523,"Bulbasaur"
"ww8gu0cx7iwfdvzs.jpg",310.1484763681592,293.91454802259886,456.0854581260365,437.7627118644068,"Bulbasaur"
"ww8gu0cx7iwfdvzs.jpg",366.94781301824213,388.43149717514126,500,570.0035310734463,"Bulbasaur"
"ww8gu0cx7iwfdvzs.jpg",234.66003316749587,392.99152542372894,371.5083436981758,577.0508474576271,"Bulbasaur"
"ww8gu0cx7iwfdvzs.jpg",117.7770004145937,418.6935028248588,237.17998548922057,579.9526836158193,"Bulbasaur"
"ww8gu0cx7iwfdvzs.jpg",0,395.0642655367232,111.97268864013267,576.6362994350284,"Bulbasaur"
"x037uyseam7swybb.jpg",193.9078751857355,359.73254086181277,761.5898959881129,887.2956909361069,"Bulbasaur"
"wr343v7x7a5y5mcl.jpg",114.11589895988112,21.9501953125,1509.6582466567609,1216,"Bulbasaur"
"wjsc7rjnasw94jxh.jpg",263.8930163447251,201.55501247920134,1206.5378900445764,1239.884463394343,"Bulbasaur"
"xaj3pr9e4dcv2xid.jpg",11.887072808320951,3.6316840277777778,797.0282317979197,740.1483506944444,"Bulbasaur"
"xq19pboqftbvdy18.jpg",2.1914712556732225,5.010593220338983,602,643.6334745762712,"Bulbasaur"
"xzr9wad5qwy2i3zv.jpg",40.11887072808321,46.13670133729569,882.6151560178305,875.260029717682,"Bulbasaur"
"xgg7k3jjionjt300.jpg",482.13967310549776,309.10544265033406,805.4680534918276,626.7401865256124,"Bulbasaur"
"xgg7k3jjionjt300.jpg",42.79346210995542,224.46624443207128,306.2109955423477,622.9361776169264,"Charmander"
"xgg7k3jjionjt300.jpg",961.4264487369985,299.59542037861917,1253.3729569093612,621.0341731625836,"Squirtle"
"xh0xnhj3nvrx97qc.jpg",361.36701337295693,20.852572559366756,1219.6136701337296,822.3037598944592,"Bulbasaur"
"y23kyu9xfi0f2g3n.jpg",255.86924219910847,423.52286223277906,723.922734026746,907.3708432304038,"Bulbasaur"
"y23kyu9xfi0f2g3n.jpg",621.5750371471025,336.23070071258906,1060.9212481426448,912.3589667458432,"Charmander"
"y23kyu9xfi0f2g3n.jpg",917.3848439821694,519.5442399049881,1540.2080237741457,926.0763064133016,"Squirtle"
"y23kyu9xfi0f2g3n.jpg",600.3566121842497,840.0311757719714,737.6523031203567,990.9219121140142,"Pokeball"
"y6x0ai3lhm4orv9x.jpg",7.543090638930163,3.7360808939873418,909.2852897473997,866,"Bulbasaur"
"y3vcuv2ii5s447ft.jpg",522.0802377414561,133.3080474934037,1392.2139673105498,942.5956464379948,"Bulbasaur"
"y266cih1g2iwe7x7.jpg",366.1218424962853,7.183377308707124,1032.7488855869242,711.0356200527705,"Bulbasaur"
"y2x1p894sdlh8h12.jpg",637.6225854383358,275.7882585751979,1289.5096582466567,884.1787598944592,"Bulbasaur"
"y2x1p894sdlh8h12.jpg",114.11589895988114,124.75923482849605,760.297176820208,857.1075197889182,"Charmander"
"y2x1p894sdlh8h12.jpg",1106.924219910847,230.19459102902377,1840.118870728083,965.3924802110819,"Squirtle"
"yon5yo6tr19kerza.jpg",90.34175334323923,18.8113746085595,668.6478454680536,542.0775541492693,"Bulbasaur"
"yryp6609346gzl47.jpg",3.8486531190926274,9.652542372881356,194.2078213610586,259.48305084745766,"Bulbasaur"
"yf7ckcthx735df7h.jpg",350.54977711738485,196.7730026929982,973.5059435364042,813,"Bulbasaur"
"yx4zzehdcan63lq5.jpg",12.279346210995543,58.09756624423963,2062.9301634472513,1990.1113911290322,"Bulbasaur"
"yfdq9rkdbb18wp2t.jpg",61.812778603268946,49.3486147757256,922.4368499257058,827.0531002638523,"Bulbasaur"
"z4v89dx3tk3s3ejw.jpg",9.955423476968797,36.2555720653789,194.05646359583952,154.0861812778603,"Bulbasaur"
"z9mq6vhkscxeqare.jpg",31.1864406779661,171.52542372881356,638.6440677966101,931.5254237288136,"Bulbasaur"
"zz5nh09xvrv32fuw.jpg",7.13224368499257,129.35054347826087,1600,1380.741847826087,"Bulbasaur"
"zmwfkn14fcf637j8.jpg",4.011887072808321,14.375767299107142,889.3016344725111,881.640648251488,"Bulbasaur"
"zt39i5lu7ljq26v4.jpg",283.9524517087667,63.87240356083087,739.5245170876672,648.5905044510387,"Bulbasaur"
"zt39i5lu7ljq26v4.jpg",927.7860326894503,87.75964391691396,1400,678.7091988130564,"Pikachu"
"0t6qybin5db9iaz4.jpg",62.83936022253129,7.645020533880904,218.51390820584146,184.47766940451748,"Dragonite"
"1wyqh0ny1nhsivio.jpg",1.2169680111265646,1.3908205841446453,230.8762169680111,248.9568845618915,"Dragonite"
"05frrzc616r4oiza.jpg",3.5300986842105266,2.1904761904761907,126.68799342105264,205.3571428571429,"Dragonite"
"1ma6js3klujn8p7q.jpg",6.004906737193764,4.62962962962963,585.452568207127,988.0952380952382,"Dragonite"
"0gymr639yy3dqb2v.jpg",8.934631432545201,6.984005641117479,793.5069541029206,777.0556388789399,"Dragonite"
"2b2x1dsz5ysv295j.jpg",4.984700973574409,13.011501319577734,1014.7426981919332,731.255263315739,"Dragonite"
"2q6027dwq6yjhbf2.jpg",87.62169680111265,65.36458333333334,965.5076495132128,612.0312500000001,"Dragonite"
"2goowxn8bzpiiui6.jpg",427.2600834492351,7.5,946.2030598052852,712.3888888888888,"Dragonite"
"2vow5xamdelp8fdt.jpg",89.34631432545201,88.45535234598854,714.7705146036161,682.1917420308024,"Dragonite"
"2m7tfj0cxkczzwng.jpg",64.97913769123784,63.12142586032389,1211.460361613352,1276.2098199224022,"Dragonite"
"3bbblk29pvvmoswb.jpg",66.75938803894297,56.789986091794155,211.84979137691238,236.5952712100139,"Dragonite"
"3ci1b7erp9rq3t64.jpg",15.58910891089109,0.6640211640211641,199.57479888613864,250.0039682539683,"Dragonite"
"36bwv8qlygh2nv0m.jpg",75.93880389429764,2.044506258692629,349.02642559109876,418.83171070931854,"Dragonite"
"37aav1h4k7zofbeo.jpg",326.14186369958276,27.28888888888889,793.2795549374131,616.8000000000001,"Dragonite"
"3vn8bm74v4pikh5g.jpg",112.336578581363,39.28667924143556,708.2336578581363,660.1765650489396,"Dragonite"
"4eg4l63npn5up3to.jpg",148.78303198887343,70.37552155771905,410.0139082058414,468.91515994436713,"Dragonite"
"6peeac6zxzzlhvpa.jpg",151.0431154381085,13.020833333333334,455.6328233657858,448.0208333333333,"Dragonite"
"3y0f0q6iukgbuedi.jpg",57.86478111814346,39.636243386243386,815.1179456751055,867.1190476190476,"Dragonite"
"490mb3z9nhyxy7c7.jpg",5.7752685546875,2.8392857142857144,361.84297688802087,468.48214285714283,"Dragonite"
"4sy5mt8oaoo4mt4w.jpg",4.870277777777778,3.1693121693121693,349.7947222222222,596.6230158730159,"Dragonite"
"77wuhhthbou01g3f.jpg",5.732962447844228,20.916751355013552,891.1571627260083,925.2527947154472,"Dragonite"
"848bpzlou56l2jpm.jpg",112.30876216968011,8.692628650904034,427.67732962447843,493.04589707927676,"Dragonite"
"7sltpodho1ngz0t1.jpg",3.4955533596837944,9.642195767195767,153.6931818181818,228.72552910052912,"Dragonite"
"6ywo917kiqchirik.jpg",3.400556328233658,3.4690265486725664,141.009735744089,121.50088495575221,"Dragonite"
"87vfempbxl7rejld.jpg",212.26703755215576,9.432002314814815,1164.203059805285,877.380150462963,"Dragonite"
"b0lbkx9mxsv5k6kb.jpg",53.69485294117647,11.513227513227513,681.4595588235294,1003.0052910052909,"Dragonite"
"9hucqqr97zjk25gq.jpg",5.674603174603175,10.70436507936508,125.22817460317462,191.51785714285717,"Dragonite"
"8rknppk9n9qtpuwx.jpg",8.078755605381167,3.5873015873015874,288.3408071748879,331.15277777777777,"Dragonite"
"c0t28c6tbrhiinaa.jpg",61.19610570236439,23.99165507649513,441.2378303198887,481.91933240611957,"Dragonite"
"blxgojjnxd1wsbt5.jpg",27.29485396383866,4.8678720445062575,223.5744089012517,245.1321279554937,"Dragonite"
"dsaa3o4jsxbf27tl.jpg",11.852052824267783,12.361111111111112,195.44828713389123,200.55555555555557,"Dragonite"
"cybp1o3rbupkrp34.jpg",1.6976086956521739,36.507936507936506,220.7758695652174,298.2142857142857,"Dragonite"
"cd1ub55uc7ocgmsf.jpg",8.929202586206896,6.663359788359788,588.591271551724,769.8743386243386,"Dragonite"
"c5q8jbe9swhysgor.jpg",18.156047516198704,1.349206349206349,228.19924406047514,339.99999999999994,"Dragonite"
"cfgt6j3xys8muuk2.jpg",35.88317107093185,38.664812239221135,359.1098748261474,378.85952712100135,"Dragonite"
"f1p7lkvzrdn9ldsn.jpg",19.819193324061196,6.4338113395225465,490.6119610570236,493.948400198939,"Dragonite"
"e1tykkfysob0uypx.jpg",301.46036161335184,102.22531293463143,1261.126564673157,1363.3518776077885,"Dragonite"
"ep6ur1ujyc3g8raw.jpg",143.69958275382476,1.0420712527352298,687.7051460361613,521.0000000000001,"Dragonite"
"ez9krc8u8gifazn5.jpg",6.808066759388039,0.6189111747851003,440.66759388038946,432,"Dragonite"
"fnpaepfs4ii2iiig.jpg",3.018258426966292,3.1481481481481484,385.8946629213483,467.5,"Dragonite"
"g4du8g8lg5w0r1t5.jpg",31.152233714788732,6.183862433862434,384.528994278169,546.3624338624339,"Dragonite"
"itkmo8ik47xsp54a.jpg",0,9.286375661375661,521.2614804759704,736.556216931217,"Dragonite"
"i558yflpbenqh7w2.jpg",51.7731308411215,49.2063492063492,505.63107476635514,768.7830687830686,"Dragonite"
"gsznui9tsyf2xo6n.jpg",191.57418224299064,43.48611111111111,1383.1629672897195,2038.2361111111109,"Dragonite"
"j1xx0c7kd0rb2k3u.jpg",35.68011126564674,7.7980053191489365,397.53824756606406,393.12566489361706,"Dragonite"
"lalkhuog48v3ao0h.jpg",8.244784422809458,35.78404017857142,1482,1499.9999999999998,"Dragonite"
"ke1mx2fb93k3oaku.jpg",151.32127955493743,10.86111111111111,566.1196105702364,359.99999999999994,"Dragonite"
"l0ag4cj7y6rgzk75.jpg",21.244784422809456,29.833101529902642,622.8789986091793,626.9471488178024,"Dragonite"
"l1k9qekiryaojrva.jpg",757.7329624478443,88.1502181724846,2920.1668984700977,2452,"Dragonite"
"km3zvgsux3o0a5dq.jpg",11.778607536764705,13.600529100529101,149.79494740604574,188.86772486772486,"Dragonite"
"mpxzh0d5s1ewrvxk.jpg",149.1460361613352,45.37273991655076,504.0417246175243,615.452016689847,"Dragonite"
"mpc1gar0zqi050th.jpg",18.77607788595271,1.5706751492042441,600,601.7901711704244,"Dragonite"
"lf97irqevgrlo344.jpg",26.525730180806676,26.34770514603616,233.9248956884562,228.0500695410292,"Dragonite"
"n7wt6073u4qwrwtv.jpg",15.02175431910569,3.8955026455026456,326.7930957825203,587.0522486772487,"Dragonite"
"msd4mo019z5c2ufx.jpg",67.20445062586927,3.8997229432907345,626.2030598052852,544.8837485023961,"Dragonite"
"ov40n2t6c08c9w24.jpg",59.45757997218359,25.034770514603615,250.76495132127954,210.50069541029208,"Dragonite"
"ozqeckymjzrfboha.jpg",5.524940851735016,0.763888888888889,87.34828470031545,102.29166666666667,"Dragonite"
"o1gr7zrfgz69rdf2.jpg",2.42738309352518,3.952380952380952,603.6504046762591,658.2910052910053,"Dragonite"
"pe1mz2jz7uhdo7zz.jpg",132.3240611961057,28.965846994535518,1629.518776077886,1597.5778688524588,"Dragonite"
"oxgxsy7u2kyz6mg6.jpg",8.842478962131837,11.917989417989418,494.4666023842917,528.9484126984128,"Dragonite"
"rg6wipgtzff5e0hu.jpg",158.42002781641168,64.10105665467626,893.941585535466,715.8024955035971,"Dragonite"
"pvy22jc5bywxigs0.jpg",465.8553546592489,8.230242300724637,1090.0556328233656,625.9403872282609,"Dragonite"
"pvy22jc5bywxigs0.jpg",61.19610570236439,588.4802423007246,76.49513212795549,612.1795176630435,"Pokeball"
"ruxfjhirv9twkkv2.jpg",25.034770514603615,12.622759086444008,687.6216968011125,554.1591048624755,"Dragonite"
"rwm3pehk4owqtiic.jpg",68.00556328233658,4.984700973574409,459.6606397774687,463.22114047287903,"Dragonite"
"qhtx1haogicrozsf.jpg",15.24547983310153,25.43992411467116,1986.0702364394995,1631.4432967959526,"Dragonite"
"srqyywszqv4chqpc.jpg",24.687065368567453,20.45118992606285,223.9221140472879,156.4992490757856,"Dragonite"
"srqyywszqv4chqpc.jpg",4.172461752433936,78.48446164510166,19.297635605006953,94.64342652495378,"Pokeball"
"srqyywszqv4chqpc.jpg",3.477051460361613,102.46228049907579,18.602225312934628,118.09998844731979,"Pokeball"
"t06rxhx7xuo6gre4.jpg",5.674547983310153,11.461812033582088,91.99860917941585,86.82375233208955,"Dragonite"
"ts4wrjl1jdup49b6.jpg",29.290100322878228,35.964285714285715,213.94415936346863,173.0357142857143,"Dragonite"
"s0jhx9gri9t1wsfe.jpg",75.82753824756607,13.112316945606695,503.769123783032,570.5558315899582,"Dragonite"
"s0qhpn9g5b39r26d.jpg",6.004906737193764,7.275132275132275,582.8066884743876,989.4179894179895,"Dragonite"
"uuzvwrzd4h28vfl0.jpg",140.42280945757997,11.063483796296296,1048.2726008344923,820.2782986111112,"Dragonite"
"ust96lemm377kjqh.jpg",6.4401947148817795,1.6437699680511182,144.44436717663422,126.47444089456869,"Dragonite"
"w0oie0bi5ta8qekv.jpg",0.42559109874826145,6.2261184210526315,609.8720445062586,401.29559210526315,"Dragonite"
"tujzperh38epzyer.jpg",0.5285118219749653,2.072299382716049,755.7719054242003,426.37353395061723,"Dragonite"
"uga4k7yp2ysj2b52.jpg",23.984044471153844,15.700396825396826,389.83789062499994,571.3412698412699,"Dragonite"
"y54o557tz5qdvg3c.jpg",10.549374130737135,4.420111677115988,182.55563282336578,161.22261951410658,"Dragonite"
"yl8ig0q2yp2lcuvd.jpg",1.7321953781512605,0.5952380952380952,233.7658088235294,298.01587301587296,"Dragonite"
"w3t5xffyeb6v22be.jpg",86.4394993045897,1.8730757389162562,218.47009735744086,123.73514470443351,"Dragonite"
"yq68vcaaagastqab.jpg",9.341663575667656,11.584656084656086,534.9692600148368,594.4126984126984,"Dragonite"
"xz20e3apw1m3xj0o.jpg",48.331015299026426,31.467315716272598,181.15438108484005,238.8734353268428,"Dragonite"
"z66zy0pggqusqjpd.jpg",12.565008071955718,14.702380952380953,241.06593058118082,307.84523809523813,"Dragonite"